,antecedents,consequents,antecedent support,consequent support,support,confidence,lift,leverage,conviction
0,({'NObeyesdad=CHECK'}),({'CAEC=Sometimes'}),0.867763905,0.853007946,0.782633371,0.901896664,1.057313322,0.042423866,1.498339009
331,({'Weight_(83.6-128.3]'}),"({'NObeyesdad=CHECK', 'CAEC=Sometimes', 'FAVC=yes'})",0.456299659,0.731555051,0.429057889,0.940298507,1.285342103,0.095249568,4.496452894
2,({'FAVC=yes'}),({'CAEC=Sometimes'}),0.886492622,0.853007946,0.782065834,0.882202305,1.03422519,0.025880584,1.247834723
3,({'CAEC=Sometimes'}),({'FAVC=yes'}),0.853007946,0.886492622,0.782065834,0.916833001,1.03422519,0.025880584,1.364812713
4,"({'NObeyesdad=CHECK', 'FAVC=yes'})",({'CAEC=Sometimes'}),0.791713961,0.853007946,0.731555051,0.924014337,1.083242356,0.056216751,1.934470906
5,"({'NObeyesdad=CHECK', 'CAEC=Sometimes'})",({'FAVC=yes'}),0.782633371,0.886492622,0.731555051,0.934735315,1.054419735,0.037756342,1.739185269
330,"({'Weight_(83.6-128.3]', 'FAVC=yes'})","({'NObeyesdad=CHECK', 'CAEC=Sometimes'})",0.440976163,0.782633371,0.429057889,0.972972973,1.243204045,0.083935227,8.042565267
7,({'NObeyesdad=CHECK'}),"({'FAVC=yes', 'CAEC=Sometimes'})",0.867763905,0.782065834,0.731555051,0.843034663,1.077958691,0.052906549,1.388422247
318,({'Weight_(83.6-128.3]'}),"({'NObeyesdad=CHECK', 'CAEC=Sometimes'})",0.456299659,0.782633371,0.442111237,0.968905473,1.238006848,0.084995896,6.990510783
160,"({'FAVC=yes', 'CAEC=Sometimes', 'MTRANS=Publid_Transportation'})","({'NObeyesdad=CHECK', 'CALC=Sometimes'})",0.579455165,0.615777526,0.437570942,0.755142018,1.226322797,0.080755475,1.569164586
10,({'CAEC=Sometimes'}),({'MTRANS=Publid_Transportation'}),0.853007946,0.745743473,0.628263337,0.736526946,0.987641156,-0.007861771,0.96501909
11,({'MTRANS=Publid_Transportation'}),({'CAEC=Sometimes'}),0.745743473,0.853007946,0.628263337,0.842465753,0.987641156,-0.007861771,0.933079998
12,({'FAVC=yes'}),({'MTRANS=Publid_Transportation'}),0.886492622,0.745743473,0.665720772,0.750960307,1.006995481,0.004624685,1.020947801
13,({'MTRANS=Publid_Transportation'}),({'FAVC=yes'}),0.745743473,0.886492622,0.665720772,0.892694064,1.006995481,0.004624685,1.057792161
14,({'NObeyesdad=CHECK'}),({'MTRANS=Publid_Transportation'}),0.867763905,0.745743473,0.656072645,0.756049706,1.013820077,0.008943376,1.042247263
329,"({'Weight_(83.6-128.3]', 'CAEC=Sometimes'})","({'NObeyesdad=CHECK', 'FAVC=yes'})",0.442678774,0.791713961,0.429057889,0.969230769,1.224218362,0.078582923,6.769296254
16,"({'FAVC=yes', 'CAEC=Sometimes'})",({'MTRANS=Publid_Transportation'}),0.782065834,0.745743473,0.579455165,0.740928882,0.993543905,-0.003765327,0.981415949
17,"({'FAVC=yes', 'MTRANS=Publid_Transportation'})",({'CAEC=Sometimes'}),0.665720772,0.853007946,0.579455165,0.870417732,1.020409876,0.011590057,1.134353157
18,"({'CAEC=Sometimes', 'MTRANS=Publid_Transportation'})",({'FAVC=yes'}),0.628263337,0.886492622,0.579455165,0.922312556,1.040406354,0.022504352,1.461077528
19,({'FAVC=yes'}),"({'CAEC=Sometimes', 'MTRANS=Publid_Transportation'})",0.886492622,0.628263337,0.579455165,0.653649168,1.040406354,0.022504352,1.073295134
20,({'CAEC=Sometimes'}),"({'FAVC=yes', 'MTRANS=Publid_Transportation'})",0.853007946,0.665720772,0.579455165,0.679308051,1.020409876,0.011590057,1.042368631
21,({'MTRANS=Publid_Transportation'}),"({'FAVC=yes', 'CAEC=Sometimes'})",0.745743473,0.782065834,0.579455165,0.777016743,0.993543905,-0.003765327,0.977356634
22,"({'NObeyesdad=CHECK', 'CAEC=Sometimes'})",({'MTRANS=Publid_Transportation'}),0.782633371,0.745743473,0.581725312,0.743292241,0.996713035,-0.001918416,0.990451272
23,"({'NObeyesdad=CHECK', 'MTRANS=Publid_Transportation'})",({'CAEC=Sometimes'}),0.656072645,0.853007946,0.581725312,0.886678201,1.039472382,0.022090133,1.297120725
321,({'Weight_(83.6-128.3]'}),"({'NObeyesdad=CHECK', 'FAVC=yes'})",0.456299659,0.791713961,0.438138479,0.960199005,1.212810499,0.076879668,5.23318672
25,({'NObeyesdad=CHECK'}),"({'CAEC=Sometimes', 'MTRANS=Publid_Transportation'})",0.867763905,0.628263337,0.581725312,0.670372793,1.067025168,0.036541066,1.127748725
166,"({'CAEC=Sometimes', 'MTRANS=Publid_Transportation'})","({'NObeyesdad=CHECK', 'CALC=Sometimes', 'FAVC=yes'})",0.628263337,0.576049943,0.437570942,0.696476965,1.209056563,0.075659882,1.396764026
164,"({'CALC=Sometimes', 'FAVC=yes'})","({'NObeyesdad=CHECK', 'CAEC=Sometimes', 'MTRANS=Publid_Transportation'})",0.635641317,0.581725312,0.437570942,0.688392857,1.183364111,0.067802299,1.342314185
28,"({'NObeyesdad=CHECK', 'CAEC=Sometimes', 'FAVC=yes'})",({'MTRANS=Publid_Transportation'}),0.731555051,0.745743473,0.547105562,0.747866563,1.002846944,0.001553157,1.008420501
29,"({'NObeyesdad=CHECK', 'MTRANS=Publid_Transportation', 'FAVC=yes'})",({'CAEC=Sometimes'}),0.599886493,0.853007946,0.547105562,0.912015137,1.06917543,0.035397617,1.67065163
30,"({'NObeyesdad=CHECK', 'CAEC=Sometimes', 'MTRANS=Publid_Transportation'})",({'FAVC=yes'}),0.581725312,0.886492622,0.547105562,0.940487805,1.060908779,0.031410365,1.907296105
144,"({'CAEC=Sometimes', 'MTRANS=Publid_Transportation'})","({'NObeyesdad=CHECK', 'CALC=Sometimes'})",0.628263337,0.615777526,0.454597049,0.723577236,1.175062755,0.067726606,1.389981305
32,"({'NObeyesdad=CHECK', 'FAVC=yes'})","({'CAEC=Sometimes', 'MTRANS=Publid_Transportation'})",0.791713961,0.628263337,0.547105562,0.691039427,1.099920027,0.049700706,1.203184791
33,"({'NObeyesdad=CHECK', 'CAEC=Sometimes'})","({'FAVC=yes', 'MTRANS=Publid_Transportation'})",0.782633371,0.665720772,0.547105562,0.699057288,1.050075824,0.02609027,1.110773628
34,"({'NObeyesdad=CHECK', 'MTRANS=Publid_Transportation'})","({'FAVC=yes', 'CAEC=Sometimes'})",0.656072645,0.782065834,0.547105562,0.833910035,1.06629135,0.034013562,1.312145289
163,"({'CALC=Sometimes', 'CAEC=Sometimes'})","({'NObeyesdad=CHECK', 'MTRANS=Publid_Transportation', 'FAVC=yes'})",0.620885358,0.599886493,0.437570942,0.704753199,1.174810915,0.065110203,1.355183211
168,({'CALC=Sometimes'}),"({'NObeyesdad=CHECK', 'MTRANS=Publid_Transportation', 'CAEC=Sometimes', 'FAVC=yes'})",0.692395006,0.547105562,0.437570942,0.631967213,1.155110197,0.058757784,1.23058177
158,"({'CALC=Sometimes', 'CAEC=Sometimes', 'MTRANS=Publid_Transportation'})","({'NObeyesdad=CHECK', 'FAVC=yes'})",0.480136209,0.791713961,0.437570942,0.911347518,1.151107044,0.057440402,2.349466515
38,({'NObeyesdad=CHECK'}),"({'FAVC=yes', 'CAEC=Sometimes', 'MTRANS=Publid_Transportation'})",0.867763905,0.579455165,0.547105562,0.630477436,1.088052148,0.044275286,1.138076201
317,"({'Weight_(83.6-128.3]', 'CAEC=Sometimes'})",({'NObeyesdad=CHECK'}),0.442678774,0.867763905,0.442111237,0.998717949,1.150909762,0.057970576,103.1441544
327,"({'Weight_(83.6-128.3]', 'CAEC=Sometimes', 'FAVC=yes'})",({'NObeyesdad=CHECK'}),0.429625426,0.867763905,0.429057889,0.998678996,1.150864873,0.056244452,100.1027242
200,"({'FAVC=yes', 'CAEC=Sometimes'})","({'NObeyesdad=CHECK', 'CALC=Sometimes'})",0.782065834,0.615777526,0.552780931,0.70682148,1.147852026,0.071202367,1.310541014
42,"({'NObeyesdad=CHECK', 'FAVC=yes'})",({'MTRANS=Publid_Transportation'}),0.791713961,0.745743473,0.599886493,0.757706093,1.0160412,0.009470973,1.049372351
43,"({'NObeyesdad=CHECK', 'MTRANS=Publid_Transportation'})",({'FAVC=yes'}),0.656072645,0.886492622,0.599886493,0.914359862,1.031435388,0.018282934,1.325399282
320,"({'Weight_(83.6-128.3]', 'FAVC=yes'})",({'NObeyesdad=CHECK'}),0.440976163,0.867763905,0.438138479,0.993564994,1.144971562,0.055475282,20.54948922
45,({'NObeyesdad=CHECK'}),"({'FAVC=yes', 'MTRANS=Publid_Transportation'})",0.867763905,0.665720772,0.599886493,0.691301504,1.038425618,0.022198036,1.082866398
313,({'Weight_(83.6-128.3]'}),({'NObeyesdad=CHECK'}),0.456299659,0.867763905,0.452894438,0.992537313,1.143787277,0.056934064,17.71963678
157,"({'CALC=Sometimes', 'CAEC=Sometimes', 'FAVC=yes'})","({'NObeyesdad=CHECK', 'MTRANS=Publid_Transportation'})",0.58399546,0.656072645,0.437570942,0.749271137,1.142055141,0.054427496,1.371710266
48,({'MTRANS=Publid_Transportation'}),({'Age_lte24'}),0.745743473,0.597048808,0.522701476,0.700913242,1.173963054,0.077456224,1.347271924
49,({'Age_lte24'}),({'MTRANS=Publid_Transportation'}),0.597048808,0.745743473,0.522701476,0.875475285,1.173963054,0.077456224,2.041815771
50,({'Age_lte24'}),({'CAEC=Sometimes'}),0.597048808,0.853007946,0.471623156,0.789923954,0.926045248,-0.037664222,0.699708784
51,({'Age_lte24'}),({'FAVC=yes'}),0.597048808,0.886492622,0.50737798,0.849809886,0.958620371,-0.021901384,0.755757985
167,"({'FAVC=yes', 'MTRANS=Publid_Transportation'})","({'NObeyesdad=CHECK', 'CALC=Sometimes', 'CAEC=Sometimes'})",0.665720772,0.578320091,0.437570942,0.657289003,1.136548795,0.052571245,1.230424213
53,"({'MTRANS=Publid_Transportation', 'Age_lte24'})",({'CAEC=Sometimes'}),0.522701476,0.853007946,0.41600454,0.79587405,0.933020676,-0.029863972,0.720104692
54,"({'MTRANS=Publid_Transportation', 'CAEC=Sometimes'})",({'Age_lte24'}),0.628263337,0.597048808,0.41600454,0.662149955,1.109038232,0.040900664,1.192692431
55,"({'CAEC=Sometimes', 'Age_lte24'})",({'MTRANS=Publid_Transportation'}),0.471623156,0.745743473,0.41600454,0.882069795,1.182805921,0.06429465,2.155991568
56,({'Age_lte24'}),"({'MTRANS=Publid_Transportation', 'CAEC=Sometimes'})",0.597048808,0.628263337,0.41600454,0.696768061,1.109038232,0.040900664,1.225915264
57,"({'FAVC=yes', 'Age_lte24'})",({'CAEC=Sometimes'}),0.50737798,0.853007946,0.417707151,0.823266219,0.965133119,-0.015090297,0.831714536
58,"({'CAEC=Sometimes', 'Age_lte24'})",({'FAVC=yes'}),0.471623156,0.886492622,0.417707151,0.885679904,0.99908322,-0.000383297,0.992890854
59,({'Age_lte24'}),"({'FAVC=yes', 'CAEC=Sometimes'})",0.597048808,0.782065834,0.417707151,0.699619772,0.894579128,-0.049224323,0.725527666
60,"({'NObeyesdad=CHECK', 'Age_lte24'})",({'CAEC=Sometimes'}),0.485244041,0.853007946,0.411464245,0.847953216,0.99407423,-0.002452777,0.966755435
145,({'CALC=Sometimes'}),"({'NObeyesdad=CHECK', 'CAEC=Sometimes', 'MTRANS=Publid_Transportation'})",0.692395006,0.581725312,0.454597049,0.656557377,1.128638145,0.051813348,1.217888113
71,({'Age_lte24'}),"({'NObeyesdad=CHECK', 'MTRANS=Publid_Transportation'})",0.597048808,0.656072645,0.4415437,0.739543726,1.127228413,0.04983631,1.320480211
63,"({'FAVC=yes', 'MTRANS=Publid_Transportation'})",({'Age_lte24'}),0.665720772,0.597048808,0.44892168,0.674339301,1.129454228,0.051453887,1.237334419
64,"({'FAVC=yes', 'Age_lte24'})",({'MTRANS=Publid_Transportation'}),0.50737798,0.745743473,0.44892168,0.884787472,1.186450172,0.070547863,2.206847911
65,"({'MTRANS=Publid_Transportation', 'Age_lte24'})",({'FAVC=yes'}),0.522701476,0.886492622,0.44892168,0.858849077,0.968816949,-0.014449322,0.804156116
66,({'MTRANS=Publid_Transportation'}),"({'FAVC=yes', 'Age_lte24'})",0.745743473,0.50737798,0.44892168,0.601978691,1.186450172,0.070547863,1.237677504
67,({'Age_lte24'}),"({'FAVC=yes', 'MTRANS=Publid_Transportation'})",0.597048808,0.665720772,0.44892168,0.751901141,1.129454228,0.051453887,1.347363019
68,"({'NObeyesdad=CHECK', 'MTRANS=Publid_Transportation'})",({'Age_lte24'}),0.656072645,0.597048808,0.4415437,0.673010381,1.127228413,0.04983631,1.232305761
69,"({'NObeyesdad=CHECK', 'Age_lte24'})",({'MTRANS=Publid_Transportation'}),0.485244041,0.745743473,0.4415437,0.90994152,1.220180334,0.079676124,2.823238056
205,({'CAEC=Sometimes'}),"({'NObeyesdad=CHECK', 'CALC=Sometimes', 'FAVC=yes'})",0.853007946,0.576049943,0.552780931,0.648037259,1.124967143,0.061405752,1.204531069
201,"({'CALC=Sometimes', 'CAEC=Sometimes'})","({'NObeyesdad=CHECK', 'FAVC=yes'})",0.620885358,0.791713961,0.552780931,0.890310786,1.124535918,0.061217325,1.898874385
72,"({'NObeyesdad=CHECK', 'Age_lte24'})",({'FAVC=yes'}),0.485244041,0.886492622,0.425085131,0.876023392,0.988190279,-0.005080132,0.915554794
159,"({'CALC=Sometimes', 'MTRANS=Publid_Transportation', 'FAVC=yes'})","({'NObeyesdad=CHECK', 'CAEC=Sometimes'})",0.499432463,0.782633371,0.437570942,0.876136364,1.119472279,0.04669843,1.754886545
176,"({'FAVC=yes', 'MTRANS=Publid_Transportation'})","({'NObeyesdad=CHECK', 'CALC=Sometimes'})",0.665720772,0.615777526,0.45800227,0.68797954,1.117253409,0.048066381,1.231401537
75,({'FAF1'}),({'CAEC=Sometimes'}),0.561293984,0.853007946,0.48183882,0.858442872,1.006371484,0.003050591,1.038393871
76,({'FAF1'}),({'MTRANS=Publid_Transportation'}),0.561293984,0.745743473,0.417139614,0.743174924,0.99655572,-0.001441711,0.989998838
77,({'FAF1'}),({'FAVC=yes'}),0.561293984,0.886492622,0.509648127,0.907987867,1.024247517,0.012065151,1.233613152
78,({'FAF1'}),({'CALC=Sometimes'}),0.561293984,0.692395006,0.410896708,0.732052578,1.057275937,0.022259557,1.148005054
142,"({'CALC=Sometimes', 'CAEC=Sometimes'})","({'NObeyesdad=CHECK', 'MTRANS=Publid_Transportation'})",0.620885358,0.656072645,0.454597049,0.732175503,1.115997609,0.04725115,1.284151968
80,"({'FAVC=yes', 'FAF1'})",({'CAEC=Sometimes'}),0.509648127,0.853007946,0.446651532,0.876391982,1.027413621,0.01191763,1.189178963
81,"({'CAEC=Sometimes', 'FAF1'})",({'FAVC=yes'}),0.48183882,0.886492622,0.446651532,0.926972909,1.045663423,0.019504974,1.554318773
82,({'FAF1'}),"({'FAVC=yes', 'CAEC=Sometimes'})",0.561293984,0.782065834,0.446651532,0.795753286,1.017501662,0.007682684,1.067014306
83,"({'NObeyesdad=CHECK', 'FAF1'})",({'CAEC=Sometimes'}),0.48183882,0.853007946,0.436435868,0.905771496,1.061855872,0.025423527,1.559953178
165,"({'CALC=Sometimes', 'MTRANS=Publid_Transportation'})","({'NObeyesdad=CHECK', 'CAEC=Sometimes', 'FAVC=yes'})",0.537457435,0.731555051,0.437570942,0.814149947,1.112903186,0.044391241,1.444416856
199,"({'FAVC=yes', 'CALC=Sometimes'})","({'NObeyesdad=CHECK', 'CAEC=Sometimes'})",0.635641317,0.782633371,0.552780931,0.869642857,1.111175282,0.055306824,1.667470029
86,"({'NObeyesdad=CHECK', 'FAVC=yes', 'FAF1'})",({'CAEC=Sometimes'}),0.448354143,0.853007946,0.411464245,0.917721519,1.075865147,0.029014599,1.786518816
87,"({'NObeyesdad=CHECK', 'CAEC=Sometimes', 'FAF1'})",({'FAVC=yes'}),0.436435868,0.886492622,0.411464245,0.942782835,1.063497666,0.024567068,1.983799402
261,"({'Height_(1.627-1.803]', 'CAEC=Sometimes'})","({'NObeyesdad=CHECK', 'FAVC=yes'})",0.562996595,0.791713961,0.493757094,0.877016129,1.10774367,0.04802483,1.693604511
89,"({'NObeyesdad=CHECK', 'FAF1'})","({'FAVC=yes', 'CAEC=Sometimes'})",0.48183882,0.782065834,0.411464245,0.853945819,1.091910401,0.034634567,1.492146022
151,"({'CALC=Sometimes', 'MTRANS=Publid_Transportation', 'CAEC=Sometimes', 'FAVC=yes'})",({'NObeyesdad=CHECK'}),0.456867196,0.867763905,0.437570942,0.957763975,1.103714928,0.04111808,3.130884022
178,({'CALC=Sometimes'}),"({'NObeyesdad=CHECK', 'MTRANS=Publid_Transportation', 'FAVC=yes'})",0.692395006,0.599886493,0.45800227,0.66147541,1.102667618,0.042643859,1.181933363
191,({'CAEC=Sometimes'}),"({'NObeyesdad=CHECK', 'CALC=Sometimes'})",0.853007946,0.615777526,0.578320091,0.677977379,1.101010268,0.053056969,1.193153676
93,"({'NObeyesdad=CHECK', 'FAF1'})",({'FAVC=yes'}),0.48183882,0.886492622,0.448354143,0.930506478,1.049649433,0.021207585,1.633351931
37,"({'CAEC=Sometimes', 'MTRANS=Publid_Transportation'})","({'NObeyesdad=CHECK', 'FAVC=yes'})",0.628263337,0.791713961,0.547105562,0.870822042,1.099920027,0.049700706,1.612396117
175,"({'FAVC=yes', 'CALC=Sometimes'})","({'NObeyesdad=CHECK', 'MTRANS=Publid_Transportation'})",0.635641317,0.656072645,0.45800227,0.720535714,1.098255994,0.04097539,1.230666575
96,({'CALC=Sometimes'}),({'CAEC=Sometimes'}),0.692395006,0.853007946,0.620885358,0.896721311,1.051246142,0.030266916,1.423256401
97,({'CAEC=Sometimes'}),({'CALC=Sometimes'}),0.853007946,0.692395006,0.620885358,0.727877578,1.051246142,0.030266916,1.130391947
98,({'CALC=Sometimes'}),({'MTRANS=Publid_Transportation'}),0.692395006,0.745743473,0.537457435,0.776229508,1.040880056,0.021108378,1.136237958
99,({'MTRANS=Publid_Transportation'}),({'CALC=Sometimes'}),0.745743473,0.692395006,0.537457435,0.720700152,1.040880056,0.021108378,1.101343222
100,({'FAVC=yes'}),({'CALC=Sometimes'}),0.886492622,0.692395006,0.635641317,0.717029449,1.035578598,0.021838253,1.087056564
101,({'CALC=Sometimes'}),({'FAVC=yes'}),0.692395006,0.886492622,0.635641317,0.918032787,1.035578598,0.021838253,1.384790011
102,({'NObeyesdad=CHECK'}),({'CALC=Sometimes'}),0.867763905,0.692395006,0.615777526,0.709614127,1.024868928,0.014942132,1.059297379
259,"({'FAVC=yes', 'CAEC=Sometimes'})","({'Height_(1.627-1.803]', 'NObeyesdad=CHECK'})",0.782065834,0.576049943,0.493757094,0.631349782,1.095998341,0.043248115,1.150006256
104,"({'FAVC=yes', 'CALC=Sometimes'})",({'CAEC=Sometimes'}),0.635641317,0.853007946,0.58399546,0.91875,1.077070858,0.041788366,1.809132978
105,"({'FAVC=yes', 'CAEC=Sometimes'})",({'CALC=Sometimes'}),0.782065834,0.692395006,0.58399546,0.746734398,1.078480335,0.042496982,1.214554963
106,"({'CALC=Sometimes', 'CAEC=Sometimes'})",({'FAVC=yes'}),0.620885358,0.886492622,0.58399546,0.940585009,1.061018429,0.033585171,1.910416485
107,({'FAVC=yes'}),"({'CALC=Sometimes', 'CAEC=Sometimes'})",0.886492622,0.620885358,0.58399546,0.658770807,1.061018429,0.033585171,1.111026401
108,({'CALC=Sometimes'}),"({'FAVC=yes', 'CAEC=Sometimes'})",0.692395006,0.782065834,0.58399546,0.843442623,1.078480335,0.042496982,1.392040221
109,({'CAEC=Sometimes'}),"({'FAVC=yes', 'CALC=Sometimes'})",0.853007946,0.635641317,0.58399546,0.684630739,1.077070858,0.041788366,1.155339876
110,"({'CALC=Sometimes', 'CAEC=Sometimes'})",({'MTRANS=Publid_Transportation'}),0.620885358,0.745743473,0.480136209,0.773308958,1.036963762,0.017115006,1.121599356
111,"({'CALC=Sometimes', 'MTRANS=Publid_Transportation'})",({'CAEC=Sometimes'}),0.537457435,0.853007946,0.480136209,0.893347413,1.047290846,0.021680747,1.378232432
112,"({'CAEC=Sometimes', 'MTRANS=Publid_Transportation'})",({'CALC=Sometimes'}),0.628263337,0.692395006,0.480136209,0.764227642,1.103745169,0.045129812,1.304669459
113,({'CALC=Sometimes'}),"({'CAEC=Sometimes', 'MTRANS=Publid_Transportation'})",0.692395006,0.628263337,0.480136209,0.693442623,1.103745169,0.045129812,1.212616922
114,({'MTRANS=Publid_Transportation'}),"({'CALC=Sometimes', 'CAEC=Sometimes'})",0.745743473,0.620885358,0.480136209,0.643835616,1.036963762,0.017115006,1.064437265
115,"({'FAVC=yes', 'CALC=Sometimes'})",({'MTRANS=Publid_Transportation'}),0.635641317,0.745743473,0.499432463,0.785714286,1.053598608,0.0254071,1.186530458
116,"({'FAVC=yes', 'MTRANS=Publid_Transportation'})",({'CALC=Sometimes'}),0.665720772,0.692395006,0.499432463,0.750213129,1.083504535,0.038490726,1.231469824
117,"({'CALC=Sometimes', 'MTRANS=Publid_Transportation'})",({'FAVC=yes'}),0.537457435,0.886492622,0.499432463,0.929250264,1.048232372,0.022980413,1.604350551
118,({'CALC=Sometimes'}),"({'FAVC=yes', 'MTRANS=Publid_Transportation'})",0.692395006,0.665720772,0.499432463,0.721311475,1.083504535,0.038490726,1.199472525
119,({'MTRANS=Publid_Transportation'}),"({'FAVC=yes', 'CALC=Sometimes'})",0.745743473,0.635641317,0.499432463,0.669710807,1.053598608,0.0254071,1.103150484
120,"({'NObeyesdad=CHECK', 'CALC=Sometimes'})",({'MTRANS=Publid_Transportation'}),0.615777526,0.745743473,0.487514188,0.791705069,1.061631912,0.028302118,1.220656334
121,"({'NObeyesdad=CHECK', 'MTRANS=Publid_Transportation'})",({'CALC=Sometimes'}),0.656072645,0.692395006,0.487514188,0.743079585,1.073201827,0.033252766,1.197277352
309,"({'Gender=Male', 'CAEC=Sometimes'})","({'NObeyesdad=CHECK', 'FAVC=yes'})",0.467650397,0.791713961,0.404653802,0.865291262,1.092934196,0.034408454,1.546195458
211,"({'FCVC>2.33', 'CAEC=Sometimes'})",({'NObeyesdad=CHECK'}),0.446083995,0.867763905,0.422814983,0.94783715,1.092275382,0.035719393,2.535062706
204,({'CALC=Sometimes'}),"({'NObeyesdad=CHECK', 'CAEC=Sometimes', 'FAVC=yes'})",0.692395006,0.731555051,0.552780931,0.798360656,1.091319996,0.046255867,1.331312348
125,"({'FAVC=yes', 'CALC=Sometimes', 'CAEC=Sometimes'})",({'MTRANS=Publid_Transportation'}),0.58399546,0.745743473,0.456867196,0.782312925,1.049037575,0.021356394,1.167990919
126,"({'FAVC=yes', 'CALC=Sometimes', 'MTRANS=Publid_Transportation'})",({'CAEC=Sometimes'}),0.499432463,0.853007946,0.456867196,0.914772727,1.072408214,0.030847337,1.724706773
127,"({'FAVC=yes', 'CAEC=Sometimes', 'MTRANS=Publid_Transportation'})",({'CALC=Sometimes'}),0.579455165,0.692395006,0.456867196,0.788442703,1.138718068,0.055655334,1.454003237
128,"({'CALC=Sometimes', 'CAEC=Sometimes', 'MTRANS=Publid_Transportation'})",({'FAVC=yes'}),0.480136209,0.886492622,0.456867196,0.951536643,1.073372321,0.03122999,2.342127848
129,"({'FAVC=yes', 'CALC=Sometimes'})","({'CAEC=Sometimes', 'MTRANS=Publid_Transportation'})",0.635641317,0.628263337,0.456867196,0.71875,1.144026649,0.057517062,1.321730357
130,"({'FAVC=yes', 'MTRANS=Publid_Transportation'})","({'CALC=Sometimes', 'CAEC=Sometimes'})",0.665720772,0.620885358,0.456867196,0.68627451,1.105315984,0.043530917,1.208427923
131,"({'CALC=Sometimes', 'CAEC=Sometimes'})","({'FAVC=yes', 'MTRANS=Publid_Transportation'})",0.620885358,0.665720772,0.456867196,0.73583181,1.105315984,0.043530917,1.26540303
132,"({'CALC=Sometimes', 'MTRANS=Publid_Transportation'})","({'FAVC=yes', 'CAEC=Sometimes'})",0.537457435,0.782065834,0.456867196,0.850052798,1.086932533,0.036540099,1.453406021
133,"({'CAEC=Sometimes', 'MTRANS=Publid_Transportation'})","({'FAVC=yes', 'CALC=Sometimes'})",0.628263337,0.635641317,0.456867196,0.727190605,1.144026649,0.057517062,1.335579677
134,({'CALC=Sometimes'}),"({'FAVC=yes', 'CAEC=Sometimes', 'MTRANS=Publid_Transportation'})",0.692395006,0.579455165,0.456867196,0.659836066,1.138718068,0.055655334,1.23630048
135,({'MTRANS=Publid_Transportation'}),"({'FAVC=yes', 'CALC=Sometimes', 'CAEC=Sometimes'})",0.745743473,0.58399546,0.456867196,0.612633181,1.049037575,0.021356394,1.073929206
136,"({'NObeyesdad=CHECK', 'CALC=Sometimes', 'CAEC=Sometimes'})",({'MTRANS=Publid_Transportation'}),0.578320091,0.745743473,0.454597049,0.786064769,1.054068587,0.023318616,1.188474315
137,"({'NObeyesdad=CHECK', 'CALC=Sometimes', 'MTRANS=Publid_Transportation'})",({'CAEC=Sometimes'}),0.487514188,0.853007946,0.454597049,0.932479627,1.093166403,0.038743573,2.177003014
138,"({'NObeyesdad=CHECK', 'CAEC=Sometimes', 'MTRANS=Publid_Transportation'})",({'CALC=Sometimes'}),0.581725312,0.692395006,0.454597049,0.781463415,1.128638145,0.051813348,1.407567496
139,"({'CALC=Sometimes', 'CAEC=Sometimes', 'MTRANS=Publid_Transportation'})",({'NObeyesdad=CHECK'}),0.480136209,0.867763905,0.454597049,0.946808511,1.091089991,0.037952177,2.486038593
140,"({'NObeyesdad=CHECK', 'CALC=Sometimes'})","({'CAEC=Sometimes', 'MTRANS=Publid_Transportation'})",0.615777526,0.628263337,0.454597049,0.738248848,1.175062755,0.067726606,1.420191124
141,"({'NObeyesdad=CHECK', 'MTRANS=Publid_Transportation'})","({'CALC=Sometimes', 'CAEC=Sometimes'})",0.656072645,0.620885358,0.454597049,0.692906574,1.115997609,0.04725115,1.234525427
195,"({'FAVC=yes', 'CALC=Sometimes', 'CAEC=Sometimes'})",({'NObeyesdad=CHECK'}),0.58399546,0.867763905,0.552780931,0.946550049,1.090792142,0.04601075,2.474017129
255,"({'Height_(1.627-1.803]', 'FAVC=yes', 'CAEC=Sometimes'})",({'NObeyesdad=CHECK'}),0.522701476,0.867763905,0.493757094,0.944625407,1.08857421,0.040175621,2.38802831
308,"({'FAVC=yes', 'Gender=Male'})","({'NObeyesdad=CHECK', 'CAEC=Sometimes'})",0.475028377,0.782633371,0.404653802,0.851851852,1.088443048,0.032880743,1.467224745
31,"({'FAVC=yes', 'CAEC=Sometimes', 'MTRANS=Publid_Transportation'})",({'NObeyesdad=CHECK'}),0.579455165,0.867763905,0.547105562,0.94417238,1.088052148,0.044275286,2.368650059
306,"({'FAVC=yes', 'Gender=Male', 'CAEC=Sometimes'})",({'NObeyesdad=CHECK'}),0.430192963,0.867763905,0.404653802,0.940633245,1.083973694,0.031347878,2.227443562
147,"({'NObeyesdad=CHECK', 'CALC=Sometimes', 'CAEC=Sometimes', 'FAVC=yes'})",({'MTRANS=Publid_Transportation'}),0.552780931,0.745743473,0.437570942,0.791581109,1.061465688,0.025338171,1.21993033
148,"({'NObeyesdad=CHECK', 'CALC=Sometimes', 'CAEC=Sometimes', 'MTRANS=Publid_Transportation'})",({'FAVC=yes'}),0.454597049,0.886492622,0.437570942,0.962546816,1.085792248,0.034574012,3.030646992
149,"({'NObeyesdad=CHECK', 'CALC=Sometimes', 'MTRANS=Publid_Transportation', 'FAVC=yes'})",({'CAEC=Sometimes'}),0.45800227,0.853007946,0.437570942,0.955390335,1.120025129,0.046891367,3.295071888
150,"({'NObeyesdad=CHECK', 'MTRANS=Publid_Transportation', 'CAEC=Sometimes', 'FAVC=yes'})",({'CALC=Sometimes'}),0.547105562,0.692395006,0.437570942,0.799792531,1.155110197,0.058757784,1.536431163
9,({'CAEC=Sometimes'}),"({'NObeyesdad=CHECK', 'FAVC=yes'})",0.853007946,0.791713961,0.731555051,0.857618097,1.083242356,0.056216751,1.462868766
152,"({'NObeyesdad=CHECK', 'CALC=Sometimes', 'CAEC=Sometimes'})","({'FAVC=yes', 'MTRANS=Publid_Transportation'})",0.578320091,0.665720772,0.437570942,0.756624141,1.136548795,0.052571245,1.373510216
153,"({'NObeyesdad=CHECK', 'CALC=Sometimes', 'FAVC=yes'})","({'CAEC=Sometimes', 'MTRANS=Publid_Transportation'})",0.576049943,0.628263337,0.437570942,0.759605911,1.209056563,0.075659882,1.546363577
154,"({'NObeyesdad=CHECK', 'CALC=Sometimes', 'MTRANS=Publid_Transportation'})","({'FAVC=yes', 'CAEC=Sometimes'})",0.487514188,0.782065834,0.437570942,0.897555297,1.147672303,0.056302752,2.12733464
155,"({'NObeyesdad=CHECK', 'CAEC=Sometimes', 'MTRANS=Publid_Transportation'})","({'CALC=Sometimes', 'FAVC=yes'})",0.581725312,0.635641317,0.437570942,0.752195122,1.183364111,0.067802299,1.47034508
156,"({'NObeyesdad=CHECK', 'MTRANS=Publid_Transportation', 'FAVC=yes'})","({'CALC=Sometimes', 'CAEC=Sometimes'})",0.599886493,0.620885358,0.437570942,0.729422895,1.174810915,0.065110203,1.401133486
143,"({'CALC=Sometimes', 'MTRANS=Publid_Transportation'})","({'NObeyesdad=CHECK', 'CAEC=Sometimes'})",0.537457435,0.782633371,0.454597049,0.845828933,1.080747339,0.033964925,1.409905462
91,"({'CAEC=Sometimes', 'FAF1'})","({'NObeyesdad=CHECK', 'FAVC=yes'})",0.48183882,0.791713961,0.411464245,0.853945819,1.078603966,0.029985725,1.426087474
203,({'FAVC=yes'}),"({'NObeyesdad=CHECK', 'CALC=Sometimes', 'CAEC=Sometimes'})",0.886492622,0.578320091,0.552780931,0.623559539,1.078225621,0.040104437,1.120176902
6,"({'FAVC=yes', 'CAEC=Sometimes'})",({'NObeyesdad=CHECK'}),0.782065834,0.867763905,0.731555051,0.935413643,1.077958691,0.052906549,2.04743078
161,"({'NObeyesdad=CHECK', 'CALC=Sometimes'})","({'FAVC=yes', 'CAEC=Sometimes', 'MTRANS=Publid_Transportation'})",0.615777526,0.579455165,0.437570942,0.710599078,1.226322797,0.080755475,1.453156517
162,"({'NObeyesdad=CHECK', 'MTRANS=Publid_Transportation'})","({'CALC=Sometimes', 'CAEC=Sometimes', 'FAVC=yes'})",0.656072645,0.58399546,0.437570942,0.666955017,1.142055141,0.054427496,1.249094152
282,"({'FAVC=yes', 'MTRANS=Publid_Transportation'})","({'Height_(1.627-1.803]', 'NObeyesdad=CHECK'})",0.665720772,0.576049943,0.413166856,0.620630861,1.077390716,0.029678443,1.117513296
177,"({'CALC=Sometimes', 'MTRANS=Publid_Transportation'})","({'NObeyesdad=CHECK', 'FAVC=yes'})",0.537457435,0.791713961,0.45800227,0.852164731,1.076354305,0.032489715,1.408906275
223,"({'TUE_lte0.66', 'CAEC=Sometimes'})",({'NObeyesdad=CHECK'}),0.433598184,0.867763905,0.404653802,0.933246073,1.075460812,0.028392949,1.980948566
188,"({'CALC=Sometimes', 'CAEC=Sometimes'})",({'NObeyesdad=CHECK'}),0.620885358,0.867763905,0.578320091,0.931444241,1.073384404,0.039538189,1.928883844
123,({'CALC=Sometimes'}),"({'NObeyesdad=CHECK', 'MTRANS=Publid_Transportation'})",0.692395006,0.656072645,0.487514188,0.704098361,1.073201827,0.033252766,1.162302974
284,"({'Height_(1.627-1.803]', 'MTRANS=Publid_Transportation'})","({'NObeyesdad=CHECK', 'FAVC=yes'})",0.488081725,0.791713961,0.413166856,0.846511628,1.06921397,0.02674574,1.3570151
169,"({'NObeyesdad=CHECK', 'CALC=Sometimes', 'FAVC=yes'})",({'MTRANS=Publid_Transportation'}),0.576049943,0.745743473,0.45800227,0.795073892,1.066149313,0.028416785,1.240722955
170,"({'NObeyesdad=CHECK', 'MTRANS=Publid_Transportation', 'FAVC=yes'})",({'CALC=Sometimes'}),0.599886493,0.692395006,0.45800227,0.763481552,1.102667618,0.042643859,1.300553916
171,"({'NObeyesdad=CHECK', 'CALC=Sometimes', 'MTRANS=Publid_Transportation'})",({'FAVC=yes'}),0.487514188,0.886492622,0.45800227,0.939464494,1.059754442,0.025824539,1.875054571
40,({'CAEC=Sometimes'}),"({'NObeyesdad=CHECK', 'MTRANS=Publid_Transportation', 'FAVC=yes'})",0.853007946,0.599886493,0.547105562,0.641383899,1.06917543,0.035397617,1.115715402
173,"({'NObeyesdad=CHECK', 'CALC=Sometimes'})","({'FAVC=yes', 'MTRANS=Publid_Transportation'})",0.615777526,0.665720772,0.45800227,0.743778802,1.117253409,0.048066381,1.304650944
174,"({'NObeyesdad=CHECK', 'MTRANS=Publid_Transportation'})","({'FAVC=yes', 'CALC=Sometimes'})",0.656072645,0.635641317,0.45800227,0.698096886,1.098255994,0.04097539,1.206872888
260,"({'Height_(1.627-1.803]', 'FAVC=yes'})","({'NObeyesdad=CHECK', 'CAEC=Sometimes'})",0.590238365,0.782633371,0.493757094,0.836538462,1.068876555,0.031816852,1.329772318
242,"({'Height_(1.627-1.803]', 'CAEC=Sometimes'})",({'NObeyesdad=CHECK'}),0.562996595,0.867763905,0.522133939,0.927419355,1.068746176,0.033585815,1.821919536
190,({'CALC=Sometimes'}),"({'NObeyesdad=CHECK', 'CAEC=Sometimes'})",0.692395006,0.782633371,0.578320091,0.835245902,1.067225003,0.036428653,1.319339737
217,"({'FAVC=yes', 'FCVC>2.33'})",({'NObeyesdad=CHECK'}),0.460272418,0.867763905,0.426220204,0.926017263,1.067130423,0.026812414,1.787391222
24,"({'CAEC=Sometimes', 'MTRANS=Publid_Transportation'})",({'NObeyesdad=CHECK'}),0.628263337,0.867763905,0.581725312,0.925925926,1.067025168,0.036541066,1.785187287
180,"({'NObeyesdad=CHECK', 'FAVC=yes'})",({'CALC=Sometimes'}),0.791713961,0.692395006,0.576049943,0.727598566,1.050843175,0.02787115,1.129234124
181,"({'NObeyesdad=CHECK', 'CALC=Sometimes'})",({'FAVC=yes'}),0.615777526,0.886492622,0.576049943,0.935483871,1.055264136,0.03016771,1.759364359
283,"({'Height_(1.627-1.803]', 'FAVC=yes'})","({'NObeyesdad=CHECK', 'MTRANS=Publid_Transportation'})",0.590238365,0.656072645,0.413166856,0.7,1.066955017,0.02592761,1.146424518
183,({'NObeyesdad=CHECK'}),"({'FAVC=yes', 'CALC=Sometimes'})",0.867763905,0.635641317,0.576049943,0.66383257,1.044350883,0.024463352,1.083860753
35,"({'FAVC=yes', 'CAEC=Sometimes'})","({'NObeyesdad=CHECK', 'MTRANS=Publid_Transportation'})",0.782065834,0.656072645,0.547105562,0.699564586,1.06629135,0.034013562,1.144763033
179,({'MTRANS=Publid_Transportation'}),"({'NObeyesdad=CHECK', 'CALC=Sometimes', 'FAVC=yes'})",0.745743473,0.576049943,0.45800227,0.614155251,1.066149313,0.028416785,1.098758135
186,"({'NObeyesdad=CHECK', 'CALC=Sometimes'})",({'CAEC=Sometimes'}),0.615777526,0.853007946,0.578320091,0.939170507,1.101010268,0.053056969,2.41646029
187,"({'NObeyesdad=CHECK', 'CAEC=Sometimes'})",({'CALC=Sometimes'}),0.782633371,0.692395006,0.578320091,0.738941262,1.067225003,0.036428653,1.17829802
246,({'CAEC=Sometimes'}),"({'Height_(1.627-1.803]', 'NObeyesdad=CHECK'})",0.853007946,0.576049943,0.522133939,0.612109115,1.062597301,0.03075876,1.092962153
189,({'NObeyesdad=CHECK'}),"({'CALC=Sometimes', 'CAEC=Sometimes'})",0.867763905,0.620885358,0.578320091,0.666448659,1.073384404,0.039538189,1.136600565
124,({'MTRANS=Publid_Transportation'}),"({'NObeyesdad=CHECK', 'CALC=Sometimes'})",0.745743473,0.615777526,0.487514188,0.653729072,1.061631912,0.028302118,1.109600728
88,"({'FAVC=yes', 'CAEC=Sometimes', 'FAF1'})",({'NObeyesdad=CHECK'}),0.446651532,0.867763905,0.411464245,0.921219822,1.061601914,0.023876167,1.678545275
192,"({'NObeyesdad=CHECK', 'CALC=Sometimes', 'FAVC=yes'})",({'CAEC=Sometimes'}),0.576049943,0.853007946,0.552780931,0.959605911,1.124967143,0.061405752,3.638949641
193,"({'NObeyesdad=CHECK', 'CAEC=Sometimes', 'FAVC=yes'})",({'CALC=Sometimes'}),0.731555051,0.692395006,0.552780931,0.755624515,1.091319996,0.046255867,1.258739167
194,"({'NObeyesdad=CHECK', 'CALC=Sometimes', 'CAEC=Sometimes'})",({'FAVC=yes'}),0.578320091,0.886492622,0.552780931,0.955839058,1.078225621,0.040104437,2.570311515
39,({'FAVC=yes'}),"({'NObeyesdad=CHECK', 'CAEC=Sometimes', 'MTRANS=Publid_Transportation'})",0.886492622,0.581725312,0.547105562,0.61715749,1.060908779,0.031410365,1.092550272
196,"({'NObeyesdad=CHECK', 'FAVC=yes'})","({'CALC=Sometimes', 'CAEC=Sometimes'})",0.791713961,0.620885358,0.552780931,0.698207885,1.124535918,0.061217325,1.256211226
197,"({'NObeyesdad=CHECK', 'CALC=Sometimes'})","({'FAVC=yes', 'CAEC=Sometimes'})",0.615777526,0.782065834,0.552780931,0.897695853,1.147852026,0.071202367,2.130257386
198,"({'NObeyesdad=CHECK', 'CAEC=Sometimes'})","({'FAVC=yes', 'CALC=Sometimes'})",0.782633371,0.635641317,0.552780931,0.70630892,1.111175282,0.055306824,1.240618825
299,"({'Gender=Male', 'CAEC=Sometimes'})",({'NObeyesdad=CHECK'}),0.467650397,0.867763905,0.429625426,0.91868932,1.058685796,0.023815291,1.626306605
285,({'Height_(1.627-1.803]'}),"({'NObeyesdad=CHECK', 'MTRANS=Publid_Transportation', 'FAVC=yes'})",0.650964813,0.599886493,0.413166856,0.634699215,1.058032183,0.022661858,1.09529879
1,({'CAEC=Sometimes'}),({'NObeyesdad=CHECK'}),0.853007946,0.867763905,0.782633371,0.917498337,1.057313322,0.042423866,1.602829446
202,({'NObeyesdad=CHECK'}),"({'FAVC=yes', 'CALC=Sometimes', 'CAEC=Sometimes'})",0.867763905,0.58399546,0.552780931,0.637017659,1.090792142,0.04601075,1.14607377
172,"({'FAVC=yes', 'CALC=Sometimes', 'MTRANS=Publid_Transportation'})",({'NObeyesdad=CHECK'}),0.499432463,0.867763905,0.45800227,0.917045455,1.056791426,0.024612806,1.594078958
184,({'FAVC=yes'}),"({'NObeyesdad=CHECK', 'CALC=Sometimes'})",0.886492622,0.615777526,0.576049943,0.649807939,1.055264136,0.03016771,1.097176426
8,({'FAVC=yes'}),"({'NObeyesdad=CHECK', 'CAEC=Sometimes'})",0.886492622,0.782633371,0.731555051,0.825224072,1.054419735,0.037756342,1.243687451
206,({'FCVC>2.33'}),({'CAEC=Sometimes'}),0.520998865,0.853007946,0.446083995,0.85620915,1.003752843,0.001667824,1.022262924
207,({'FCVC>2.33'}),({'MTRANS=Publid_Transportation'}),0.520998865,0.745743473,0.406356413,0.779956427,1.045877644,0.01782491,1.155482631
146,({'MTRANS=Publid_Transportation'}),"({'NObeyesdad=CHECK', 'CALC=Sometimes', 'CAEC=Sometimes'})",0.745743473,0.578320091,0.454597049,0.609589041,1.054068587,0.023318616,1.080092399
209,({'FCVC>2.33'}),({'FAVC=yes'}),0.520998865,0.886492622,0.460272418,0.883442266,0.996559073,-0.001589232,0.973829654
210,"({'NObeyesdad=CHECK', 'FCVC>2.33'})",({'CAEC=Sometimes'}),0.470488082,0.853007946,0.422814983,0.8986731,1.053534266,0.021484911,1.450671585
279,"({'Height_(1.627-1.803]', 'FAVC=yes', 'MTRANS=Publid_Transportation'})",({'NObeyesdad=CHECK'}),0.451759364,0.867763905,0.413166856,0.914572864,1.053942045,0.021146386,1.547940175
310,({'Gender=Male'}),"({'NObeyesdad=CHECK', 'CAEC=Sometimes', 'FAVC=yes'})",0.52553916,0.731555051,0.404653802,0.769978402,1.052522842,0.020192975,1.16704236
213,"({'FAVC=yes', 'FCVC>2.33'})",({'CAEC=Sometimes'}),0.460272418,0.853007946,0.416572077,0.905055487,1.061016479,0.023956048,1.548189041
214,"({'FCVC>2.33', 'CAEC=Sometimes'})",({'FAVC=yes'}),0.446083995,0.886492622,0.416572077,0.933842239,1.053412308,0.021121906,1.715707675
215,({'FCVC>2.33'}),"({'FAVC=yes', 'CAEC=Sometimes'})",0.520998865,0.782065834,0.416572077,0.79956427,1.022374633,0.009116665,1.087301979
216,"({'NObeyesdad=CHECK', 'FCVC>2.33'})",({'FAVC=yes'}),0.470488082,0.886492622,0.426220204,0.905910736,1.021904428,0.009135991,1.206379697
290,({'FAVC=yes'}),"({'Height_(1.627-1.803]', 'NObeyesdad=CHECK'})",0.886492622,0.576049943,0.537457435,0.606274008,1.052467785,0.02679341,1.076764209
229,"({'TUE_lte0.66', 'FAVC=yes'})",({'NObeyesdad=CHECK'}),0.445516459,0.867763905,0.406356413,0.912101911,1.05109455,0.019753311,1.504425143
219,({'TUE_lte0.66'}),({'CAEC=Sometimes'}),0.505107832,0.853007946,0.433598184,0.858426966,1.006352837,0.00273719,1.03827721
185,({'CALC=Sometimes'}),"({'NObeyesdad=CHECK', 'FAVC=yes'})",0.692395006,0.791713961,0.576049943,0.831967213,1.050843175,0.02787115,1.239555937
221,({'TUE_lte0.66'}),({'FAVC=yes'}),0.505107832,0.886492622,0.445516459,0.882022472,0.994957488,-0.002257908,0.962110156
222,"({'NObeyesdad=CHECK', 'TUE_lte0.66'})",({'CAEC=Sometimes'}),0.447219069,0.853007946,0.404653802,0.904822335,1.06074315,0.023172383,1.544396519
36,"({'FAVC=yes', 'MTRANS=Publid_Transportation'})","({'NObeyesdad=CHECK', 'CAEC=Sometimes'})",0.665720772,0.782633371,0.547105562,0.821824382,1.050075824,0.02609027,1.219957204
288,"({'Height_(1.627-1.803]', 'FAVC=yes'})",({'NObeyesdad=CHECK'}),0.590238365,0.867763905,0.537457435,0.910576923,1.049337174,0.025269886,1.478769238
225,"({'TUE_lte0.66', 'CAEC=Sometimes'})",({'FAVC=yes'}),0.433598184,0.886492622,0.402383655,0.928010471,1.046833835,0.018002064,1.576720669
226,"({'TUE_lte0.66', 'FAVC=yes'})",({'CAEC=Sometimes'}),0.445516459,0.853007946,0.402383655,0.903184713,1.05882333,0.022354576,1.518273194
227,({'TUE_lte0.66'}),"({'FAVC=yes', 'CAEC=Sometimes'})",0.505107832,0.782065834,0.402383655,0.796629213,1.018621679,0.007356077,1.071609986
228,"({'NObeyesdad=CHECK', 'TUE_lte0.66'})",({'FAVC=yes'}),0.447219069,0.886492622,0.406356413,0.908629442,1.02497124,0.009900008,1.242275192
122,"({'CALC=Sometimes', 'MTRANS=Publid_Transportation'})",({'NObeyesdad=CHECK'}),0.537457435,0.867763905,0.487514188,0.907074974,1.045301572,0.021128026,1.423040708
300,({'Gender=Male'}),"({'NObeyesdad=CHECK', 'CAEC=Sometimes'})",0.52553916,0.782633371,0.429625426,0.8174946,1.0445435,0.018320941,1.191014783
231,({'Height_(1.627-1.803]'}),({'CAEC=Sometimes'}),0.650964813,0.853007946,0.562996595,0.864864865,1.013900128,0.007718437,1.087741203
232,({'CAEC=Sometimes'}),({'Height_(1.627-1.803]'}),0.853007946,0.650964813,0.562996595,0.660013307,1.013900128,0.007718437,1.026614259
233,({'Height_(1.627-1.803]'}),({'MTRANS=Publid_Transportation'}),0.650964813,0.745743473,0.488081725,0.74978204,1.005415491,0.002628965,1.016140195
234,({'MTRANS=Publid_Transportation'}),({'Height_(1.627-1.803]'}),0.745743473,0.650964813,0.488081725,0.654490107,1.005415491,0.002628965,1.010203163
182,"({'FAVC=yes', 'CALC=Sometimes'})",({'NObeyesdad=CHECK'}),0.635641317,0.867763905,0.576049943,0.90625,1.044350883,0.024463352,1.41051835
236,({'NObeyesdad=CHECK'}),({'Height_(1.627-1.803]'}),0.867763905,0.650964813,0.576049943,0.66383257,1.019767209,0.011166176,1.038277824
237,({'Height_(1.627-1.803]'}),({'CALC=Sometimes'}),0.650964813,0.692395006,0.430192963,0.660854403,0.954447096,-0.020531823,0.906999816
238,({'CALC=Sometimes'}),({'Height_(1.627-1.803]'}),0.692395006,0.650964813,0.430192963,0.621311475,0.954447096,-0.020531823,0.92169465
239,({'Height_(1.627-1.803]'}),({'FAVC=yes'}),0.650964813,0.886492622,0.590238365,0.906713165,1.022809601,0.013162862,1.216756659
240,({'FAVC=yes'}),({'Height_(1.627-1.803]'}),0.886492622,0.650964813,0.590238365,0.66581306,1.022809601,0.013162862,1.044430963
241,"({'Height_(1.627-1.803]', 'NObeyesdad=CHECK'})",({'CAEC=Sometimes'}),0.576049943,0.853007946,0.522133939,0.906403941,1.062597301,0.03075876,1.570494056
84,"({'CAEC=Sometimes', 'FAF1'})",({'NObeyesdad=CHECK'}),0.48183882,0.867763905,0.436435868,0.905771496,1.043799461,0.018313533,1.403355562
243,"({'NObeyesdad=CHECK', 'CAEC=Sometimes'})",({'Height_(1.627-1.803]'}),0.782633371,0.650964813,0.522133939,0.667150109,1.02486355,0.012667153,1.048626412
291,({'Height_(1.627-1.803]'}),"({'NObeyesdad=CHECK', 'FAVC=yes'})",0.650964813,0.791713961,0.537457435,0.825632084,1.042841385,0.022079504,1.194520431
245,({'NObeyesdad=CHECK'}),"({'Height_(1.627-1.803]', 'CAEC=Sometimes'})",0.867763905,0.562996595,0.522133939,0.601700458,1.068746176,0.033585815,1.097172753
208,({'FCVC>2.33'}),({'NObeyesdad=CHECK'}),0.520998865,0.867763905,0.470488082,0.903050109,1.040663369,0.018384072,1.363963321
247,"({'Height_(1.627-1.803]', 'FAVC=yes'})",({'CAEC=Sometimes'}),0.590238365,0.853007946,0.522701476,0.885576923,1.03818133,0.01922346,1.284636443
248,"({'Height_(1.627-1.803]', 'CAEC=Sometimes'})",({'FAVC=yes'}),0.562996595,0.886492622,0.522701476,0.928427419,1.04730417,0.023609148,1.585905901
249,"({'FAVC=yes', 'CAEC=Sometimes'})",({'Height_(1.627-1.803]'}),0.782065834,0.650964813,0.522701476,0.668359942,1.026722073,0.013604136,1.052451834
250,({'Height_(1.627-1.803]'}),"({'FAVC=yes', 'CAEC=Sometimes'})",0.650964813,0.782065834,0.522701476,0.802964255,1.026722073,0.013604136,1.106064107
251,({'CAEC=Sometimes'}),"({'Height_(1.627-1.803]', 'FAVC=yes'})",0.853007946,0.590238365,0.522701476,0.612774451,1.03818133,0.01922346,1.05819886
252,"({'NObeyesdad=CHECK', 'CAEC=Sometimes', 'FAVC=yes'})",({'Height_(1.627-1.803]'}),0.731555051,0.650964813,0.493757094,0.674941815,1.036833024,0.017540497,1.073762187
253,"({'Height_(1.627-1.803]', 'NObeyesdad=CHECK', 'FAVC=yes'})",({'CAEC=Sometimes'}),0.537457435,0.853007946,0.493757094,0.918690602,1.077001225,0.035301632,1.807811371
254,"({'Height_(1.627-1.803]', 'NObeyesdad=CHECK', 'CAEC=Sometimes'})",({'FAVC=yes'}),0.522133939,0.886492622,0.493757094,0.945652174,1.066734398,0.03088921,2.088535755
26,({'CAEC=Sometimes'}),"({'NObeyesdad=CHECK', 'MTRANS=Publid_Transportation'})",0.853007946,0.656072645,0.581725312,0.681969395,1.039472382,0.022090133,1.081428483
256,"({'NObeyesdad=CHECK', 'FAVC=yes'})","({'Height_(1.627-1.803]', 'CAEC=Sometimes'})",0.791713961,0.562996595,0.493757094,0.623655914,1.10774367,0.04802483,1.161180477
257,"({'NObeyesdad=CHECK', 'CAEC=Sometimes'})","({'Height_(1.627-1.803]', 'FAVC=yes'})",0.782633371,0.590238365,0.493757094,0.630891951,1.068876555,0.031816852,1.110140067
258,"({'Height_(1.627-1.803]', 'NObeyesdad=CHECK'})","({'FAVC=yes', 'CAEC=Sometimes'})",0.576049943,0.782065834,0.493757094,0.857142857,1.095998341,0.043248115,1.52553916
44,"({'FAVC=yes', 'MTRANS=Publid_Transportation'})",({'NObeyesdad=CHECK'}),0.665720772,0.867763905,0.599886493,0.901108269,1.038425618,0.022198036,1.337180516
212,({'FCVC>2.33'}),"({'NObeyesdad=CHECK', 'CAEC=Sometimes'})",0.520998865,0.782633371,0.422814983,0.811546841,1.036943824,0.015063885,1.153425233
262,({'Height_(1.627-1.803]'}),"({'NObeyesdad=CHECK', 'CAEC=Sometimes', 'FAVC=yes'})",0.650964813,0.731555051,0.493757094,0.758500436,1.036833024,0.017540497,1.111575294
218,({'FCVC>2.33'}),"({'NObeyesdad=CHECK', 'FAVC=yes'})",0.520998865,0.791713961,0.426220204,0.818082789,1.033306003,0.013738129,1.144949601
263,"({'Height_(1.627-1.803]', 'CAEC=Sometimes'})",({'MTRANS=Publid_Transportation'}),0.562996595,0.745743473,0.418842225,0.743951613,0.997597216,-0.001008811,0.993001868
264,"({'Height_(1.627-1.803]', 'MTRANS=Publid_Transportation'})",({'CAEC=Sometimes'}),0.488081725,0.853007946,0.418842225,0.858139535,1.006015875,0.002504635,1.036173499
265,"({'CAEC=Sometimes', 'MTRANS=Publid_Transportation'})",({'Height_(1.627-1.803]'}),0.628263337,0.650964813,0.418842225,0.666666667,1.024120895,0.009864899,1.047105562
266,({'Height_(1.627-1.803]'}),"({'CAEC=Sometimes', 'MTRANS=Publid_Transportation'})",0.650964813,0.628263337,0.418842225,0.643417611,1.024120895,0.009864899,1.042498661
267,"({'Height_(1.627-1.803]', 'FAVC=yes'})",({'MTRANS=Publid_Transportation'}),0.590238365,0.745743473,0.451759364,0.765384615,1.026337665,0.011592956,1.083716343
268,"({'Height_(1.627-1.803]', 'MTRANS=Publid_Transportation'})",({'FAVC=yes'}),0.488081725,0.886492622,0.451759364,0.925581395,1.044093738,0.019078516,1.525255392
269,"({'FAVC=yes', 'MTRANS=Publid_Transportation'})",({'Height_(1.627-1.803]'}),0.665720772,0.650964813,0.451759364,0.678601876,1.04245554,0.018398567,1.085990119
270,({'Height_(1.627-1.803]'}),"({'FAVC=yes', 'MTRANS=Publid_Transportation'})",0.650964813,0.665720772,0.451759364,0.693984307,1.04245554,0.018398567,1.092359757
271,({'MTRANS=Publid_Transportation'}),"({'Height_(1.627-1.803]', 'FAVC=yes'})",0.745743473,0.590238365,0.451759364,0.605783866,1.026337665,0.011592956,1.039433953
272,"({'Height_(1.627-1.803]', 'NObeyesdad=CHECK'})",({'MTRANS=Publid_Transportation'}),0.576049943,0.745743473,0.436435868,0.757635468,1.015946495,0.006850383,1.049066563
90,"({'FAVC=yes', 'FAF1'})","({'NObeyesdad=CHECK', 'CAEC=Sometimes'})",0.509648127,0.782633371,0.411464245,0.807349666,1.031580936,0.012596613,1.128296143
274,"({'NObeyesdad=CHECK', 'MTRANS=Publid_Transportation'})",({'Height_(1.627-1.803]'}),0.656072645,0.650964813,0.436435868,0.665224913,1.021906101,0.009355662,1.042596063
46,({'FAVC=yes'}),"({'NObeyesdad=CHECK', 'MTRANS=Publid_Transportation'})",0.886492622,0.656072645,0.599886493,0.676696543,1.031435388,0.018282934,1.063791146
276,"({'NObeyesdad=CHECK', 'MTRANS=Publid_Transportation', 'FAVC=yes'})",({'Height_(1.627-1.803]'}),0.599886493,0.650964813,0.413166856,0.688741722,1.058032183,0.022661858,1.121368368
277,"({'Height_(1.627-1.803]', 'NObeyesdad=CHECK', 'FAVC=yes'})",({'MTRANS=Publid_Transportation'}),0.537457435,0.745743473,0.413166856,0.7687434,1.030841607,0.012361482,1.099456305
278,"({'Height_(1.627-1.803]', 'NObeyesdad=CHECK', 'MTRANS=Publid_Transportation'})",({'FAVC=yes'}),0.436435868,0.886492622,0.413166856,0.946684005,1.067898346,0.026269679,2.128955455
302,"({'FAVC=yes', 'Gender=Male'})",({'NObeyesdad=CHECK'}),0.475028377,0.867763905,0.425085131,0.894862605,1.031228194,0.012872651,1.257745589
280,"({'NObeyesdad=CHECK', 'MTRANS=Publid_Transportation'})","({'Height_(1.627-1.803]', 'FAVC=yes'})",0.656072645,0.590238365,0.413166856,0.629757785,1.066955017,0.02592761,1.106739368
281,"({'Height_(1.627-1.803]', 'NObeyesdad=CHECK'})","({'FAVC=yes', 'MTRANS=Publid_Transportation'})",0.576049943,0.665720772,0.413166856,0.717241379,1.077390716,0.029678443,1.182207026
273,"({'Height_(1.627-1.803]', 'MTRANS=Publid_Transportation'})",({'NObeyesdad=CHECK'}),0.488081725,0.867763905,0.436435868,0.894186047,1.030448538,0.012896165,1.249703758
312,({'FAVC=yes'}),({'NObeyesdad=CHECK'}),0.886492622,0.867763905,0.791713961,0.893085787,1.029180613,0.022447662,1.236843
103,({'CALC=Sometimes'}),({'NObeyesdad=CHECK'}),0.692395006,0.867763905,0.615777526,0.889344262,1.024868928,0.014942132,1.195022491
244,({'Height_(1.627-1.803]'}),"({'NObeyesdad=CHECK', 'CAEC=Sometimes'})",0.650964813,0.782633371,0.522133939,0.802092415,1.02486355,0.012667153,1.098323891
286,"({'NObeyesdad=CHECK', 'FAVC=yes'})",({'Height_(1.627-1.803]'}),0.791713961,0.650964813,0.537457435,0.678853047,1.042841385,0.022079504,1.086839478
287,"({'Height_(1.627-1.803]', 'NObeyesdad=CHECK'})",({'FAVC=yes'}),0.576049943,0.886492622,0.537457435,0.933004926,1.052467785,0.02679341,1.694264539
224,({'TUE_lte0.66'}),"({'NObeyesdad=CHECK', 'CAEC=Sometimes'})",0.505107832,0.782633371,0.404653802,0.801123596,1.023625653,0.009339557,1.092973444
289,({'NObeyesdad=CHECK'}),"({'Height_(1.627-1.803]', 'FAVC=yes'})",0.867763905,0.590238365,0.537457435,0.619359058,1.049337174,0.025269886,1.076504363
275,({'Height_(1.627-1.803]'}),"({'NObeyesdad=CHECK', 'MTRANS=Publid_Transportation'})",0.650964813,0.656072645,0.436435868,0.670444638,1.021906101,0.009355662,1.043610255
303,({'Gender=Male'}),"({'NObeyesdad=CHECK', 'FAVC=yes'})",0.52553916,0.791713961,0.425085131,0.808855292,1.021650913,0.00900844,1.089677241
292,({'Gender=Male'}),({'CAEC=Sometimes'}),0.52553916,0.853007946,0.467650397,0.889848812,1.043189359,0.019361318,1.334457279
220,({'TUE_lte0.66'}),({'NObeyesdad=CHECK'}),0.505107832,0.867763905,0.447219069,0.885393258,1.020315841,0.008904725,1.153824754
294,({'Gender=Male'}),({'FAVC=yes'}),0.52553916,0.886492622,0.475028377,0.903887689,1.019622348,0.009141789,1.180986877
295,"({'FAVC=yes', 'Gender=Male'})",({'CAEC=Sometimes'}),0.475028377,0.853007946,0.430192963,0.905615293,1.061672752,0.024989983,1.557371514
296,"({'Gender=Male', 'CAEC=Sometimes'})",({'FAVC=yes'}),0.467650397,0.886492622,0.430192963,0.919902913,1.037688177,0.015624336,1.417122416
297,({'Gender=Male'}),"({'FAVC=yes', 'CAEC=Sometimes'})",0.52553916,0.782065834,0.430192963,0.818574514,1.046682361,0.019186741,1.201232366
298,"({'NObeyesdad=CHECK', 'Gender=Male'})",({'CAEC=Sometimes'}),0.452894438,0.853007946,0.429625426,0.948621554,1.112089939,0.043302871,2.860967304
235,({'Height_(1.627-1.803]'}),({'NObeyesdad=CHECK'}),0.650964813,0.867763905,0.576049943,0.884917175,1.019767209,0.011166176,1.149051525
230,({'TUE_lte0.66'}),"({'NObeyesdad=CHECK', 'FAVC=yes'})",0.505107832,0.791713961,0.406356413,0.804494382,1.016142725,0.006455491,1.065371117
301,"({'NObeyesdad=CHECK', 'Gender=Male'})",({'FAVC=yes'}),0.452894438,0.886492622,0.425085131,0.938596491,1.058775299,0.023597553,1.848548727
47,({'MTRANS=Publid_Transportation'}),"({'NObeyesdad=CHECK', 'FAVC=yes'})",0.745743473,0.791713961,0.599886493,0.804414003,1.0160412,0.009470973,1.064933287
15,({'MTRANS=Publid_Transportation'}),({'NObeyesdad=CHECK'}),0.745743473,0.867763905,0.656072645,0.879756469,1.013820077,0.008943376,1.099735628
304,"({'NObeyesdad=CHECK', 'Gender=Male', 'FAVC=yes'})",({'CAEC=Sometimes'}),0.425085131,0.853007946,0.404653802,0.951935915,1.115975437,0.042052809,3.058251356
305,"({'NObeyesdad=CHECK', 'Gender=Male', 'CAEC=Sometimes'})",({'FAVC=yes'}),0.429625426,0.886492622,0.404653802,0.941875826,1.062474523,0.023794032,1.952842844
94,"({'FAVC=yes', 'FAF1'})",({'NObeyesdad=CHECK'}),0.509648127,0.867763905,0.448354143,0.879732739,1.013792732,0.006099894,1.099518645
307,"({'NObeyesdad=CHECK', 'Gender=Male'})","({'FAVC=yes', 'CAEC=Sometimes'})",0.452894438,0.782065834,0.404653802,0.893483709,1.142466107,0.050460536,2.046017226
95,({'FAF1'}),"({'NObeyesdad=CHECK', 'FAVC=yes'})",0.561293984,0.791713961,0.448354143,0.798786653,1.008933393,0.003969859,1.035150212
61,"({'CAEC=Sometimes', 'Age_lte24'})",({'NObeyesdad=CHECK'}),0.471623156,0.867763905,0.411464245,0.87244284,1.005391945,0.002206694,1.036681087
41,({'MTRANS=Publid_Transportation'}),"({'NObeyesdad=CHECK', 'CAEC=Sometimes', 'FAVC=yes'})",0.745743473,0.731555051,0.547105562,0.733637747,1.002846944,0.001553157,1.007819037
311,({'NObeyesdad=CHECK'}),({'FAVC=yes'}),0.867763905,0.886492622,0.791713961,0.91236102,1.029180613,0.022447662,1.295170007
92,({'FAF1'}),"({'NObeyesdad=CHECK', 'CAEC=Sometimes', 'FAVC=yes'})",0.561293984,0.731555051,0.411464245,0.733063701,1.00206225,0.000846796,1.005651722
27,({'MTRANS=Publid_Transportation'}),"({'NObeyesdad=CHECK', 'CAEC=Sometimes'})",0.745743473,0.782633371,0.581725312,0.780060883,0.996713035,-0.001918416,0.988303634
314,({'Weight_(83.6-128.3]'}),({'CAEC=Sometimes'}),0.456299659,0.853007946,0.442678774,0.970149254,1.137327335,0.053451539,4.924233825
315,({'Weight_(83.6-128.3]'}),({'FAVC=yes'}),0.456299659,0.886492622,0.440976163,0.96641791,1.090159,0.036469882,3.379997478
316,"({'NObeyesdad=CHECK', 'Weight_(83.6-128.3]'})",({'CAEC=Sometimes'}),0.452894438,0.853007946,0.442111237,0.976190476,1.144409594,0.055788683,6.173666288
85,({'FAF1'}),"({'NObeyesdad=CHECK', 'CAEC=Sometimes'})",0.561293984,0.782633371,0.436435868,0.777553084,0.993508727,-0.002851535,0.9771618
293,({'Gender=Male'}),({'NObeyesdad=CHECK'}),0.52553916,0.867763905,0.452894438,0.861771058,0.993093921,-0.003149475,0.956645502
319,"({'NObeyesdad=CHECK', 'Weight_(83.6-128.3]'})",({'FAVC=yes'}),0.452894438,0.886492622,0.438138479,0.967418546,1.091287758,0.036650901,3.48380337
79,({'FAF1'}),({'NObeyesdad=CHECK'}),0.561293984,0.867763905,0.48183882,0.858442872,0.989258561,-0.00523184,0.934153559
70,"({'MTRANS=Publid_Transportation', 'Age_lte24'})",({'NObeyesdad=CHECK'}),0.522701476,0.867763905,0.4415437,0.844733985,0.973460616,-0.012037773,0.851674432
322,"({'Weight_(83.6-128.3]', 'CAEC=Sometimes'})",({'FAVC=yes'}),0.442678774,0.886492622,0.429625426,0.970512821,1.094778226,0.037193958,3.849380645
323,"({'Weight_(83.6-128.3]', 'FAVC=yes'})",({'CAEC=Sometimes'}),0.440976163,0.853007946,0.429625426,0.974259974,1.142146424,0.053469254,5.710641317
324,({'Weight_(83.6-128.3]'}),"({'FAVC=yes', 'CAEC=Sometimes'})",0.456299659,0.782065834,0.429625426,0.941542289,1.203916918,0.072769052,3.728065303
325,"({'NObeyesdad=CHECK', 'Weight_(83.6-128.3]', 'CAEC=Sometimes'})",({'FAVC=yes'}),0.442111237,0.886492622,0.429057889,0.970474968,1.094735527,0.037129539,3.844445541
326,"({'NObeyesdad=CHECK', 'Weight_(83.6-128.3]', 'FAVC=yes'})",({'CAEC=Sometimes'}),0.438138479,0.853007946,0.429057889,0.979274611,1.148025193,0.055322285,7.092366629
73,"({'FAVC=yes', 'Age_lte24'})",({'NObeyesdad=CHECK'}),0.50737798,0.867763905,0.425085131,0.837807606,0.965478746,-0.015199166,0.815303926
328,"({'NObeyesdad=CHECK', 'Weight_(83.6-128.3]'})","({'FAVC=yes', 'CAEC=Sometimes'})",0.452894438,0.782065834,0.429057889,0.947368421,1.211366588,0.074864622,4.140749149
52,({'Age_lte24'}),({'NObeyesdad=CHECK'}),0.597048808,0.867763905,0.485244041,0.812737643,0.936588441,-0.032853364,0.706154174
74,({'Age_lte24'}),"({'NObeyesdad=CHECK', 'FAVC=yes'})",0.597048808,0.791713961,0.425085131,0.711977186,0.89928588,-0.047606747,0.723158127
62,({'Age_lte24'}),"({'NObeyesdad=CHECK', 'CAEC=Sometimes'})",0.597048808,0.782633371,0.411464245,0.689163498,0.880570039,-0.055806076,0.699295699